Word,Frequency
a,24
ab,1
abhinavsaroj,4
able,3
about,4
aboutasix,1
above,2
access,3
account,2
accttypically,1
add,1
address,1
adibaddy,1
advise,1
ae,3
af,2
aim,2
ak,1
alerts,2
alexa,1
alexisgraham99,1
allow,1
already,1
always,3
alyssagoldman,3
am,1
amazon,7
amazonhelp,1
amazonin,2
ambermullennn,1
amp,1
an,7
and,17
any,8
anything,1
apologies,2
app,6
application,1
appreciation,1
ar,3
are,2
arent,1
ariannadelbene,1
arrange,1
arrive,6
arrived,3
arrives,1
as,4
ask,1
asked,1
assist,2
assistance,1
at,6
athena,1
athenarivera,1
atoz,1
attention,2
availability,1
available,2
aw,1
awww,1
babajabalpuri,4
back,1
bad,2
baileyoz,1
bayou,1
bbyuniversecb,1
be,8
becoming,1
been,2
being,1
below,1
better,3
bingewatch,1
birthday,2
books,1
bringing,2
brooklynnnross,1
browser,1
business,2
but,3
bv,2
by,8
ca,1
can,26
cancel,1
cant,2
card,2
carriers,1
case,2
caused,1
cd,1
certainly,1
chadrallen,1
chat,1
check,1
checking,1
checkout,1
chunkkyyy,2
cj,2
cl,2
claim,1
cleared,1
click,1
close,1
co,1
cod,1
cold,1
colleagues,1
collection,1
complaints,1
concern,1
concerned,1
concerns,1
confirm,1
confirmation,1
connect,1
connecting,1
contact,11
contacted,2
contacting,1
could,1
couriers,1
crashrider,1
create,1
credit,1
cs,1
ctrl,1
customer,2
customers,1
customs,1
cute,1
cutting,1
damaged,1
danadug,1
danjbalkwill,1
danny,1
darshanhsheth,3
date,5
day,4
days,1
delay,1
delighted,1
deliver,4
delivering,2
delivery,6
department,2
desktop,1
destination,1
details,6
device,1
did,1
didnt,1
direct,1
directly,1
dishanisen,1
dmarie99,1
do,4
doesnt,5
dont,5
doug,1
download,1
downloadsr,1
dragonflyeye,2
drop,1
durhambelle,1
earlier,2
earliest,1
edd,1
edit,1
elaborate,1
elidan,1
eligible,1
else,1
email,5
emmawrafter,1
en,2
encourage,1
end,1
enjoying,2
ep,1
error,1
est,1
eumaeusodyssey,4
eval,1
evening,1
exchange,1
expected,1
experience,9
f,1
fancy,1
features,1
feedback,7
feel,4
filled,1
find,2
fitbit,1
flagging,1
following,2
for,50
form,1
forwarded,1
found,1
free,2
friendly,1
friendsforever,1
friendshipgoals,1
from,2
frustrating,1
fulfilled,1
fun,1
further,5
gerzinal,1
get,3
getting,2
ghostfacezach,1
give,1
given,1
gl,3
glad,3
goes,1
great,2
guarantee,3
gxb,1
had,1
halloween,1
happen,1
happy,5
happynewyear,1
has,3
hasnt,1
have,18
hb,4
hear,4
help,8
helped,1
helpep,1
helps,3
here,32
heres,1
hey,9
heypardeep,1
hg,2
hi,14
hk,1
hope,3
how,3
hrs,1
httpstcoatnhpowqg,1
httpstcobxfnsxpf,1
httpstcocyqkduakwj,2
httpstcodbolxljp,1
httpstcodgvsrph,1
httpstcoegphbhsxy,1
httpstcoevqabgfiz,1
httpstcogmrbaot,1
httpstcogrr9tfqwc,1
httpstcohaplpmejd,1
httpstcohaplpmlfhn,4
httpstcohaplpmlfhnen,1
httpstcohbtdzlmb,1
httpstcohrsyfeigu,1
httpstcojfhsgq,1
httpstcojzphlab,4
httpstconuypml,1
httpstconxgaalzhis,1
httpstcoqypasjve,1
httpstcoskgzkjcdng,1
httpstcosmli9yxdaw,1
httpstcoturyufp,1
httpstcotyqqajrzk,1
httpstcouwnabciif,1
httpstcovihgdspeur,1
httpstcovlvfjrnn9,2
httpstcowlfycbapb,1
httpstcoyhhwiftlm,1
httpstcoyjpi9grhe,5
httpstcoywrqdfkba,1
httpstcoz9jaqgy,1
httpstcozwrezyrzu,1
i,9
identify,1
if,22
im,13
improve,1
in,12
inconvenience,2
incorrect,1
indicate,1
indicates,1
info,4
information,1
instances,1
interest,2
internally,1
into,6
investigate,1
is,13
isnt,2
issue,2
issues,1
it,17
item,5
items,1
its,3
itsjossha,2
ive,1
izzyscott,1
ja,3
jaemulaa,1
jeedas,1
jj,1
jo,6
john,1
joke,1
joyfulneesh,1
jrc9,1
jtreadway,1
katmcor,1
kd,1
keep,7
keeps,1
kindakuls,1
kindle,3
kindly,1
knooow,1
know,13
knowing,1
kstefl,1
late,2
leave,3
let,7
letting,2
lg,1
li,1
like,7
lil,1
link,6
lisadeee,1
list,1
lizzieejones,1
location,1
longer,1
look,7
looked,1
looking,2
love,1
magsophazjon,2
mailstosandeep,1
make,2
manage,2
mark,1
matt,1
mattlinsley,1
may,2
mcp,1
me,3
media,1
medicine,1
membership,1
menu,1
method,1
missed,1
mm,1
mobile,1
modify,1
moment,1
more,3
most,3
mpos,1
mrpandit,1
much,2
naijadrew,1
need,4
never,1
new,3
newest,1
next,1
nf,1
night,1
no,5
not,4
now,3
number,1
of,3
off,1
oh,1
on,14
online,1
only,1
open,1
options,3
or,4
order,10
orders,1
other,1
our,10
out,6
over,1
packages,1
packaging,1
page,1
pass,2
patience,1
pawansbaish,2
pawsome,1
payment,2
phone,2
phonechat,1
picture,1
pk,1
place,1
plainbananas,1
playlist,1
please,20
pls,3
pm,1
post,1
posted,6
ppramod9,1
pretty,1
prime,1
process,1
product,1
profgambs,1
promised,1
provided,3
puppy,1
purchased,1
put,1
qualify,1
quality,1
queenattallah,1
questions,2
quickly,1
ra,1
ratbones,1
rather,2
reach,3
reading,1
real,1
receive,1
received,1
receiver,1
recent,1
recommend,1
redeeming,1
refund,2
refunds,1
regarding,1
regret,1
relevant,1
repeated,1
replacement,1
replacements,1
reply,2
report,2
reported,1
request,4
requested,2
resolved,1
return,3
returnexchange,1
returnreplacement,1
returns,1
review,4
reviewed,1
reviews,1
right,1
rm,1
rockerdharm,1
ronaldorlemes,1
roxsi9,1
rs,2
rw,1
rwwishart,1
saififiroz,2
same,1
sb,1
scan,3
schoey99,1
see,3
seeing,1
seentitties,1
select,1
seller,5
send,1
sent,1
separate,1
service,1
settings,1
sgtwinters,1
sh,6
shall,1
share,1
shared,1
sharing,1
sharrypigtails,1
ship,1
shipment,1
shirt,1
shopping,3
shoppingsr,1
should,2
shout,1
shoutout,1
showing,1
site,3
sj,6
sjbooktweeter,2
so,18
social,1
some,2
soon,2
sorry,21
sorted,2
sound,1
sounds,1
speak,1
specific,1
spotify,1
sr,3
stadesse,1
start,1
status,2
stay,1
stayhealthy,1
steps,4
still,1
stock,2
stopped,1
submit,1
substantial,1
supervisor,1
support,3
sure,4
surprise,1
sydneycohenour,1
tamarastampone,1
td,1
team,2
teams,2
text,1
than,1
thank,1
thanks,11
that,18
thats,2
thblomme,1
the,65
thedexterouz,1
them,1
then,3
there,2
these,4
they,1
things,1
thirdparty,2
this,27
thorpperrow,1
through,3
time,3
tm,2
to,64
tomorrow,2
tomroe9,1
tracking,5
transit,1
tried,1
trouble,3
truly,2
try,3
trying,1
tuned,1
twitter,2
typically,2
unable,2
understand,1
unlinkinglinking,1
until,2
uoduckscotty,1
up,2
update,2
updated,1
updates,3
upride,1
us,28
use,1
using,2
very,1
via,4
vickyfilmydev,1
video,2
view,1
visit,2
vlslt,1
vs,1
waiting,1
wan,1
want,2
was,5
way,2
we,23
website,1
wed,5
week,1
well,9
went,1
were,9
weve,1
what,5
whats,1
when,5
where,2
which,1
while,2
will,6
windows,1
with,6
within,1
wj,4
work,1
working,1
worst,1
written,1
wrong,2
wyour,1
year,2
you,60
youd,2
your,33
youre,2
yourself,1
yp,2
zesaiyan,1
​hey,1
😊,1
😌,1
😷😷,1
🙋,1
