user_screen_name,user_id_str
SkullyRox,20391647
Gentlemen_Sam,441572163
remakoul,814372928695521280
sky_regenrated,483059773
MtnrMS,3309102108
whisperandmoan,113516042
roxyunderwood93,295334669
TCMuffin,35591749
ChaurasiaRohin,706032993794527232
trallyus,11702402
ssagardutta,2991490598
Savvyy_Investor,758744557315993600
basusagar,42205044
tarunwadhwa198,130872938
Whitjoseph,148495262
Shadowslightz,1282432266
LadySlaughter,15195593
i_opner,4189195819
DscoJesus,862074670174138368
ontherocks66,83187396
KVas92103,2227128248
fadari,25689668
uncensoredpen,1959501074
urvashi_mitra,527489415
Dharmendrakasa,3711696145
ReclusiveCoder,144280479
hartsway,2811807426
r_narayan11,791166101006585857
kmayyank,388738029
shivanient1998,1608365852
juancvasdisenho,144723151
ravinderkum1191,65833857
lahsivarhor,86762070
vikijain87,141962835
orion_613,789691149459914752
coolfrog1988,35214799
ranabiswanath12,543571642
RealMikeStack,1529167434
JennyCavanaugh,812028824
Asqwolf,62498968
navdeepsoni,8017352
brajeshjee,319521142
roadshowrigolet,630450707
iGoneViral,4889990293
chakam_uday,786518369155506176
Soko_nafuu,740456791176253441
ElliottBros1,2317805748
project_gonzo,134300648
iAshishPrasad,2380038870
Tushar_Kapila,17463956
bigcomedown,100339412
ssbib85,3025478429
pxlshftr,112759451
Tushi_Joy,88709529
posterest,1066180207
deecaltee,714942588
JerseyStupka,66870413
Subharanjan_,128634987
velsingakutty,246635943
ke4ole1,213060183
SparklyPen,267381861
thicker,15920461
peerlesspig,44823152
DementedWolfLuv,146260629
dkutka25,101568093
runsammrun,1164260107
CobaltHailstorm,209702451
SAHAY7,78244428
azkite,396890520
AjeetKarn,278977971
mybharatraj,902137872
cherehall,236470176
Gutta_DaDon,401286522
Hpykumar,776791812123930625
richardin1956,622890534
Romilvora111199,3032469392
TheMimiZee,1387267123
KumarPraval,2479531801
JohnBloorDesign,20082414
5thLineTalent,24237942
PattyPeppermynt,3403856709
Gemx86x,122783695
PhilippaJG,110745877
VofEscaflowne,41480905
chetansmith11,2259952085
JanHCAFC,966683100
varun_ar,355088719
jeujeubeee,2214869341
meganbongo,1075158410
GG_s0nic,267676234
gokulkrishnen,969815922
saj44a,720329744726687744
crazybadkid,59146973
bijender393,903272676
Floydilicious,211798382
mcurie,14472490
andzayn,444365106
NathDeb2011,3003188510
jeetendra25,57953914
iAmSmi__,595548720
SCTrojanSK,156359057
Alokzgh,733116597825495040
mayankvj2406,876124662
AmazonHelp,85741735
MrArchitecht,769486341851615232
amit1407,48402117
PrashantBiyani,129854185
GinBhandal,174820930
GirlGamer7,1426285704
gramopadhye1971,4853775889
Lunaborne,953947501
fightwonegames,837835207
SarthakMaiti,2698629504
nrosier,14293184
Come_soondad,813383712775684097
i3isystem,3171120559
aisforarlynne,27842803
Fz_Knuckle99,2934257079
apurba_s,934064701
hardeep1singh,14654682
aniawit,16939507
degr4ssi,34984337
DieselDragonIFD,829394625236443136
revanusha,456358376
AmyUnitedStates,2953709027
ewanandfriends,46228767
AryanIndians,23558756
ooSteph,14415645
sudnigga,28928956
mgpjz,4925825782
BrightBetty,43970870
Alfonsiawarrior,2333955555
NJShadow,10813822
Lyanna_T,321826849
leighfuge,228821192
SunnyKinger,49263856
amarlungare,50616028
ghostbuster9999,2153604350
DadaSiddharth,359869433
callsignemily,249787502
TyphHunter,2305584128
gmosesl,23352195
sanjanind,66622722
shubhranshuu,22346149
IvanHotrod,856953860
IndusOrganics,31232521
Aosc2,1543185697
Manjunath_Bhat_,325670927
rishabgundecha,1227418134
CervantesAndres,144921369
UDTMac,323019713
iBasu07,1438180344
PrateekP789,553607147
Trainer_CRM,163877633
torreddaytona,18234839
CoCoButterExp,47828355
yadavsaid,44329735
Sparrargh,58237941
AziizaT,137106484
ckhayek,15007269
RCausey,37534186
sidartsidart,1893356316
0xJAKE,4146949275
havanaclub_soda,20546310
dhakaneram,130810999
medtek,18435372
kamleshrao,16851793
shahidiqbal0007,4908895821
ellenseabell,38289347
rohitvatwani,95693303
Avisingh18,103913560
YiannisNennes,36412139
Sportsionista,555028043
jdg2310,86746815
Robgoblin,19336157
Spartan_029,43557159
gwaland,12990382
Pixie_Jaime,89440799
basmybasher,1607069072
manchicken,16543736
Stjanm,357062019
tulsyan_mayank,878312518103384065
vivivivi1307,4537041014
nidhimaheshwari,48357214
praveenhak,159797979
LaborneRacing,148468753
donna3939,46929510
WanderThatMews,2237735712
cherrydoll1,21336479
C6RDE,45820389
praveen_pandey_,110354554
Tower_Tramp,2467103148
dilbil143,1272524941
troykelly,14439544
boredgirl260,5723252
newproblem,57927491
SLAP_News,18863148
nickmorrott,283892690
MacqueenNathan,1138113037
MrsPTeach,383170468
RichPierce0079,133804026
RedSixx,69475762
BananeJen,26564556
anaggh,17701394
Ziggziee,2414585990
sourabhnandwana,100214244
SameeraShairali,2530034064
TheZamindar,66302156
playmaker09,20422796
craigr98_2016,4892425227
imsvsims,5979042
Rohanhasastory,111182345
abhishekr2323,2953652983
SmileyTutorials,913138646
DragonMcElroy,2189027816
PRATHEESH_PPN,241391028
pagetbrewster,827375319208300544
iamcorrupt,45457886
bkel,21901245
johnomalley,12275422
Torresxs,16276284
ConorMX,511351188
Taterpugz,385528206
FootBaller121,3233722514
MyApocalypse_,104268993
princessgleek,22982668
RapidBI,17535421
EsmeraldaMollin,733028394
jaidevd,205727959
Suruchi0603,1542918302
martinbrossman,14119630
yktalks,68398349
ncazals,79844395
i_fernando,29962012
pratitimajumdar,205931698
rusnewton98,2855041037
Mathew30,30992650
Brideofrocknrol,23808818
CactoKaur,14205478
Trafficspinners,45323163
antidumb,25275742
vaibhav926,74468092
anishsangamam,140738682
sumantvasan,2643486098
IMRANKHANMOGUL,151039885
LalwaniNiraj,1666520694
txomon,125675649
ShakataGaNai,14565884
DanielToner,117622520
DanTup,61238575
sidd15121987,136182379
rucchir,74934167
Tdam3Trey,598538099
QuentinPotter3,793273269222797312
tuteja_shruti,836849147244339200
bridyid5,2487134674
Nasruhllah07,774275636101873668
MrsSardines,1399965709
siddiq10931093,86029062
theonetruebix,15413409
Music_lupe,277305534
MominSaifoddin,705018428483112960
TaiKamiya101,538549155
sixfishesphilly,19649319
tanujrawat1,505481011
Green_JamesBee,466384851
2SixTwo,3789082213
forthereading,1191703062
nelle_belle91,139301405
rooniitdeb,149477154
bigbamee,185219338
mad_ashish,44812007
ltweetl,223961574
likhilpunjabi,314445868
Arthi305,737607555858325504
jademc120,305857840
RobynCobbold,21041619
SausageofPower,26619513
xtye_,173377262
windroidica,2308798004
khalidraza9,101964473
nadu_bda,2219985456
brian_riback,424400406
cpriyanko,112763444
JustCIDER,223342603
iamandeepdua,69216275
Zaedlo,59203639
avocado__toast,48618530
JohnDso64841345,4113185435
bhandary_chirag,2154418802
RachelWhisker87,355860475
rashmirawat2912,3939183493
kaimal_hari,166893639
Krriztin,28090061
Abhinav1bansal,3315608602
librarykat,16678550
magicalwife,2427928976
Steph_CO7272,1008060450
vickram_chandak,593127032
chaudhary93,133653438
BHAVITA8,1904765227
realvishalraj,3165014492
JanArrah,49576954
kgaurav00,3322188248
Mike_Soldner,832057176
JoeSiegler,28020360
vaishalimitra,149912101
iamtrideep,493941380
PaulEPetty,131310401
arifkhan7,71302070
FatimaSiraja,562366927
msmitka,14486807
sureshmuthrotil,14474054
Cena_316_AA,38064765
TheTreavor,22171741
tvjames,822177
Kevin_Ellen_,329318603
lupitasahu,225878277
michelledefeo,364922032
music_theism,744395344016879620
caffdtravels,2341184034
Rajeshk76856612,866684497546231808
thekoreankappa,833534991493636096
EDGAurora,1967676368
BuzzMcClain,808456433872306177
Kar4change,816037443468197892
VlSlT,3068784488
AW0079,21064452
gautammahajan11,764352385
chelseaepenney,455398854
CourierZero,1217161502
AmpersUK,214049826
Localboy_Ash,587376186
ikumarvinod,235559055
ItsJustMe_Rae,3009368979
AkiraSakura2,1064415878
gauthamrandom,334489387
CregorNews,434138083
chickenb00,16193077
Bescent28,704181213334937601
jjackson235,145153049
FinalGamerJames,126438609
NOtoGMOs,49989431
NakulKaushik88,3243729912
MrDeckotron,339848271
amruthhr,64041474
linpswa,54528620
J_cooper1990,885336408
mehulsthakker,187257670
AshBurnOvrdrive,488540026
Ahmed_Awad1212,62705229
AndyMRoberts,301381979
Awesomichael23,2922164726
maxpowley,11920632
swapnil_rk,125365751
SBillingtonfan,2712332275
spradhan1210,2892047065
kjhabak,559425755
krishi_89,3462186912
happysach,710681467651624960
pankajpeshavari,865938712005365760
djiquad,4707813086
GothboyUK,250214902
topgun1700,18546339
neonladder,21651074
jcline35,51120513
McQuaidKP,40869710
knepp_lindsey,817699501293129728
KirrrrstyLight,2835021711
ritarodwell,45876955
zegolf,14932406
SanghviHarshraj,826080295711625217
BhavinTolia,36101298
neerajt1971,727477608011571200
BionicBombshell,127111907
mee_ind,57275846
TechyFarooqui,3006076339
shoe3r,201886488
sravan1802,88726244
beautlittlefool,2243736468
MyOregonLife,2284005775
theghostofkip,26787826
PumpkinPieYum,809748623512596480
priskypaws,26072340
nellemel,108798356
_KylaMarie_,73544761
wdowell,6575472
Uttam20Uttam,3979623264
Er_Snk,52804269
SardarGurvinde2,4676764704
That_Musician,526010652
ateeqtak,169857536
atreyee21,125549164
krissna_krissna,453958386
kamala_chan,116341095
mcp111,15178679
jordanwaring87,47584774
See_i_can_fly,73937769
caprasul,3219027614
Bunny_spy,95690710
PrateekMarlecha,2268638768
B_Lachani,1027098103
Kam_54321,3081841793
vickyappy30,2233372459
sonicman4321,2439352879
RyanWSinclair,170667264
CarlosG67,29548628
shipra_im,912722124
RISSHHII,99273069
adit_morzaria,586301042
Horrorfan419,293677963
RuddyglowPark,149236006
hfactor,17731339
omshivaprakash,16101134
Vaderundead,4805069673
Karthikeyapisup,4452075193
vision_ogl,727534589468532736
OfficialPiyush,619427787
NATFXDA,270375787
THEPIMPHACKER,271101710
matthewD2013,1300002864
Rookii24,39935272
destiny4ever2u,76584269
Eva250178,293447041
HKhatale,827805937771503616
ColdXzero,2932058297
Bunnyaimee,23019151
ankitpalsri,279387044
lalitsurana,97826794
hg6,13765572
VinayK1991,61606664
Urban_struggle,2302732471
JimPierobon,54251727
simonbangs,43617802
JelloBelle,69474850
tarunpunwani,14907839
nomnom_mania,1036308488
JoeMedal,19191538
BillyTheBigBone,362763757
Careermappersd,1608794084
elab49,629354934
SmitSuv,2397772844
Tilbo_Tweets,133460244
davyiphone,1195658958
topsurveys,286242688
Sulalee1,200206858
OctavioDelano,2347968828
SthrnDixieCwgrl,54704557
Shakirfahim1,878192295987867648
BenMyatt74,19919515
ash_mcloone,23068174
heetshah97,3143395706
Kalekemo,34803492
balagopalks,43828556
AgentDie,2200871844
Mohitve75936435,4893071304
PrasaadJoshi,845145444
VK_231,180361172
SubratShasank,4719402324
consultantweet,1639136594
Hope4evamore,718856897730854912
Musashi1596,61149346
RaghavKhunger,30256180
PritiYa80985097,719544958877696001
dahnamchandler,15805170
manojk2209,1559903875
meljridge,250321402
skmahtab,33560945
KnittedLamb,40552570
firstbascia,32137033
paulstevenlewis,20790669
theachopsbooks,799358397367877632
musicxtu92,466818620
cocobobi,300813035
Speechlesstx,95945333
KSean02,3252507746
sundevesh,204431120
sng628,100613504
neerajap3,160073361
microrao,76061012
flowmastr1x,39395899
353839052d72499,3025211876
vishal2323,96312930
netajee,137944902
briancyork,1589344782
RITESHKHABIYA,450676096
Paulbissac1,833230601779949568
nsvaluto74,762435621633744896
SpeakUp_IN,803555957733109760
ebuie,13232092
HarrietPH,1149358428
BlackBerry_Mama,170130930
JiteshChhabria,434800262
bawbag,15454963
opjha,100468594
hd_nemesis,73097498
dabassman,14751142
deepak12may85,4673571020
IamMelly03,1672102627
zyusoken,2868342566
notarelys,449211149
ajaygupta1974,26064052
x_Th3_Truth_x,126275079
lewyitfc,351806152
IpsitaRichi,923435816
divakardas22,378520650
robinminkpiss,19619272
JohnMFurlong,2983836055
birdskylife,746249790569254912
JonBenditz,773346
hamzaazam92,130613237
pranabdavinci,2366888623
maximum_z,129266889
RGengage,120410501
Twitte2Ranga,3021485983
alluneediz1mik3,35051582
bala43212,38803772
neelanjanbarman,285222173
Hungrypunjabi,148808815
jenniespary,2800223095
Mindful2move,276563438
DavidELever,18638692
Just_Me_Lauren,706951793016590336
manicminaj,3055235056
sakethabhi,225815970
jaxiwest,121318872
TheMasterBaiter,16275465
ON8CB,1079912580
waldvogelk,19168933
ItsTxcker,780511623425458176
GTIMKVII,2322387605
cjmitra,200108931
divyesh_tamboli,144122115
dealsandloots,787117533719560192
kagarg90,2210976025
Cypnos,2739775987
BeyondGrave,17527115
DevjotN,845604400999661568
DigitlScientist,3372380115
Jcamps30,165301682
Heart1QueenBee,307075287
Harry_k3721,3411563867
ThatBallerKru,2993286430
Mahimd7,280859344
Akshay_goplani,2889927415
Nihit_maverick,4384021696
avinevergiveup,754534205502136324
Onestudpuppy,255806428
chetan_cbe,3793634414
Kristen_Howe,39124778
Mohan_Rngnathan,272456715
drmjp93,284157036
alyciadebdamnn,705971208
NuroDev,2223516397
sagar3225,161778392
kimmisearle,2842757176
davecraige,17786914
voxya_,801462165345550337
Ronakjobanputr1,1118337270
anthjamre,128657766
Rakesh2132017,844239138769551361
MissSmallVoice,259779047
jitenderboss202,865160440250105857
inderpreet_83,744511861
mileyfan2017,1852139480
VEMVintage,922302955
santaarnold,52795609
Lozza2285,4860411251
AshishK90634189,838703000516497408
patriciaeff,17194863
The89thGuardian,30924249
rheird,19192576
singhkislaya91,413848234
pinkigupta89,787171274200088576
YoungPadawanPR,749383153937244164
_danielchris,136895681
KaranJaswani1,310987276
iwritegarima,3285473358
UnsolicitedPM,3196478898
pallabrout,1157191909
Roopa_Awesome,781106864939347968
Ronnie_hul,117630515
DeirdreWriter,130535139
SouthernScenic,23456146
markkorput,15351491
itzmepravesh,162316823
vikramwkarve,2304720642
Tillums,206642342
Amez_W,1341265634
ramscrism,81629063
AshitMr,1426939406
catloverplayer,40248562
only4ojha,53624188
